"","ID","Metric","Value"
"1","SM-AJDMW","Assembler","allpaths"
"2","SM-AJDMW","Contigs","42,026"
"3","SM-AJDMW","Max Contig","212,280"
"4","SM-AJDMW","Mean Contig","6,335"
"5","SM-AJDMW","Contig N50","15,525"
"6","SM-AJDMW","Contig N90","2,547"
"7","SM-AJDMW","Total Contig Length","266,227,255"
"8","SM-AJDMW","Assembly GC","38.22"
"9","SM-AJDMW","Scaffolds","7,468"
"10","SM-AJDMW","Max Scaffold","2,388,422"
"11","SM-AJDMW","Mean Scaffold","53,616"
"12","SM-AJDMW","Scaffold N50","298,359"
"13","SM-AJDMW","Scaffold N90","23,096"
"14","SM-AJDMW","Total Scaffold Length","400,400,669"
"15","SM-AJDMW","Captured Gaps","34,558"
"16","SM-AJDMW","Max Gap","18,586"
"17","SM-AJDMW","Mean Gap","3,883"
"18","SM-AJDMW","Gap N50","6,420"
"19","SM-AJDMW","Total Gap Length","134,173,414"
"20","SM-AJDMW","Reference Genome","/cil/shed/apps/internal/ale/production/projects/X966/SM-AJDMW/SM-AJDMW_allpaths_39f30j_59742/run/ASSEMBLIES/test/pilon/genome.fasta"
"21","SM-AJDMW","Snps","0"
"22","SM-AJDMW","Ambiguous Bases","0"
"23","SM-AJDMW","Small Insertions","0"
"24","SM-AJDMW","Small Insertion Bases","0"
"25","SM-AJDMW","Small Deletions","0"
"26","SM-AJDMW","Small Deletion Bases","0"
"27","SM-AJDMW","Local Reassembly Fixes","0"
"28","SM-AJDMW","Bases Added In Reassembly Fixes","0"
"29","SM-AJDMW","Bases Removed In Reassembly Fixes","0"
"30","SM-AJDMW","Gaps Opened","0"
"31","SM-AJDMW","Gaps Closed","0"
"32","SM-AJDMW","Collapsed Regions","0"
"33","SM-AJDMW","Collapsed Bases","0"
"34","SM-AJDMW","Pilon Run Date","2016-10-29"
"35","SM-AJDMW","Pilon Header","Pilon version 1.13 Fri Jun 26 14:13:10 2,015 -0400"
"36","SM-AJDMW","Pilon Command Arguments","--output pilon --vcf --diploid --nostrays --changes --fix all --genome /cil/shed/apps/internal/ale/production/projects/X966/SM-AJDMW/SM-AJDMW_allpaths_39f30j_59742/run/ASSEMBLIES/test/pilon/genome.fasta --frags HVGCWBCXX.1.SM-AJDMW.frags.aligned.duplicates_marked.bam --frags H3NHTADXY.2.SM-AJDMW.frags.aligned.duplicates_marked.bam --frags H3VHLADXY.1.SM-AJDMW.frags.aligned.duplicates_marked.bam --frags H7N27ADXY.1.SM-AJDMW.frags.aligned.duplicates_marked.bam --frags HVNY5BCXX.2.SM-AJDMW.frags.aligned.duplicates_marked.bam --jumps H7N27ADXY.2.SM-AJDMW.jumps.aligned.duplicates_marked.bam --jumps H3NHTADXY.1.SM-AJDMW.jumps.aligned.duplicates_marked.bam --jumps HVNY5BCXX.1.SM-AJDMW.jumps.aligned.duplicates_marked.bam --threads 8"
"37","SM-AJDMW","Reference Uri","file:/cil/shed/apps/internal/ale/production/projects/X966/SM-AJDMW/SM-AJDMW_allpaths_39f30j_59742/run/ASSEMBLIES/test/pilon/genome.fasta"
"38","SM-AJDMW","Reference Bases","408,773,361"
"39","SM-AJDMW","Reference N Bases","142,065,828"
"40","SM-AJDMW","Mean Total Aligned Depth","56"
"41","SM-AJDMW","Mean Useable Depth","31"
"42","SM-AJDMW","% Callable Bases","64.1568886383"
"43","SM-AJDMW","% Reference Confirmed","63.8712171364"
"44","SM-AJDMW","% Low Coverage Bases","35.1083225308"
"45","SM-AJDMW","Homozygous Snps","115,763"
"46","SM-AJDMW","Heterozygous Snps","1,051,986"
"47","SM-AJDMW","Ambiguous Bases","0"
"48","SM-AJDMW","Small Insertions","19,414"
"49","SM-AJDMW","Small Insertion Bases","51,756"
"50","SM-AJDMW","Small Deletions","33,990"
"51","SM-AJDMW","Small Deletion Bases","133,935"
"52","SM-AJDMW","Large Insertions","13,454"
"53","SM-AJDMW","Large Insertion Bases","27,185"
"54","SM-AJDMW","Large Deletions","8,602"
"55","SM-AJDMW","Large Deletion Bases","8,388,577"
"56","SM-AJDMW","Large Imprecise Insertions","2,462"
"57","SM-AJDMW","Large Imprecise Insertion Bases","32,144"
"58","SM-AJDMW","Large Imprecise Deletions","0"
"59","SM-AJDMW","Large Imprecise Deletion Bases","0"
"60","SM-AJDMW","Large Duplications","3,188"
"61","SM-AJDMW","Large Duplication Bases","61,187,495"
"62","SM-AJDMW","Genome size estimate","461,924,745 bases"
"63","SM-AJDMW","Genome size estimate CN = 1","251,189,872 bases (  54.4 % )"
"64","SM-AJDMW","Genome size estimate CN > 1","210,734,873 bases (  45.6 % )"
"65","SM-AJDMW","SNP rate                   ~","1/377"
"66","SM-AJDMW","Percent.Ants","84.5547994098891"
"67","SM-AZXXM","Assembler","allpaths"
"68","SM-AZXXM","Contigs","42,019"
"69","SM-AZXXM","Max Contig","558,757"
"70","SM-AZXXM","Mean Contig","6,749"
"71","SM-AZXXM","Contig N50","19,225"
"72","SM-AZXXM","Contig N90","2,674"
"73","SM-AZXXM","Total Contig Length","283,588,924"
"74","SM-AZXXM","Assembly GC","37.85"
"75","SM-AZXXM","Scaffolds","7,677"
"76","SM-AZXXM","Max Scaffold","3,160,209"
"77","SM-AZXXM","Mean Scaffold","56,319"
"78","SM-AZXXM","Scaffold N50","272,223"
"79","SM-AZXXM","Scaffold N90","23,471"
"80","SM-AZXXM","Total Scaffold Length","432,362,510"
"81","SM-AZXXM","Captured Gaps","34,342"
"82","SM-AZXXM","Max Gap","24,564"
"83","SM-AZXXM","Mean Gap","4,332"
"84","SM-AZXXM","Gap N50","8,094"
"85","SM-AZXXM","Total Gap Length","148,773,586"
"86","SM-AZXXM","Reference Genome","/cil/shed/apps/internal/ale/production/projects/X966/SM-AZXXM/SM-AZXXM_allpaths_43f31j_59743/run/ASSEMBLIES/test/pilon/genome.fasta"
"87","SM-AZXXM","Frag Coverage","23"
"88","SM-AZXXM","Jump Coverage","8"
"89","SM-AZXXM","Total Coverage","31"
"90","SM-AZXXM","Unpaired Coverage","0"
"91","SM-AZXXM","Snps","108,852"
"92","SM-AZXXM","Ambiguous Bases","0"
"93","SM-AZXXM","Small Insertions","16,076"
"94","SM-AZXXM","Small Insertion Bases","45,445"
"95","SM-AZXXM","Small Deletions","24,779"
"96","SM-AZXXM","Small Deletion Bases","103,506"
"97","SM-AZXXM","Local Reassembly Fixes","20,146"
"98","SM-AZXXM","Bases Added In Reassembly Fixes","2,243,165"
"99","SM-AZXXM","Bases Removed In Reassembly Fixes","2,597,559"
"100","SM-AZXXM","Gaps Opened","0"
"101","SM-AZXXM","Gaps Closed","2,885"
"102","SM-AZXXM","Collapsed Regions","2,201"
"103","SM-AZXXM","Collapsed Bases","39,605,880"
"104","SM-AZXXM","Pilon Run Date","2016-10-27"
"105","SM-AZXXM","Pilon Header","Pilon version 1.13 Fri Jun 26 14:13:10 2,015 -0400"
"106","SM-AZXXM","Pilon Command Arguments","--output pilon --vcf --diploid --nostrays --threads 8 --changes --fix all --genome /cil/shed/apps/internal/ale/production/projects/X966/SM-AZXXM/SM-AZXXM_allpaths_43f31j_59743/run/ASSEMBLIES/test/pilon/genome.fasta --frags HVGCWBCXX.1.SM-AZXXM.frags.aligned.duplicates_marked.bam --frags H3VHLADXY.1.SM-AZXXM.frags.aligned.duplicates_marked.bam --frags H7N27ADXY.1.SM-AZXXM.frags.aligned.duplicates_marked.bam --frags H3NHTADXY.2.SM-AZXXM.frags.aligned.duplicates_marked.bam --frags HVNY5BCXX.2.SM-AZXXM.frags.aligned.duplicates_marked.bam --jumps H7N27ADXY.2.SM-AZXXM.jumps.aligned.duplicates_marked.bam --jumps H3NHTADXY.1.SM-AZXXM.jumps.aligned.duplicates_marked.bam --jumps HVNY5BCXX.1.SM-AZXXM.jumps.aligned.duplicates_marked.bam"
"107","SM-AZXXM","Reference Uri","file:/cil/shed/apps/internal/ale/production/projects/X966/SM-AZXXM/SM-AZXXM_allpaths_43f31j_59743/run/ASSEMBLIES/test/pilon/genome.fasta"
"108","SM-AZXXM","Reference Bases","440,724,770"
"109","SM-AZXXM","Reference N Bases","156,731,615"
"110","SM-AZXXM","Mean Total Aligned Depth","57"
"111","SM-AZXXM","Mean Useable Depth","31"
"112","SM-AZXXM","% Callable Bases","63.5656661639"
"113","SM-AZXXM","% Reference Confirmed","63.3562082295"
"114","SM-AZXXM","% Low Coverage Bases","35.9168267307"
"115","SM-AZXXM","Homozygous Snps","115,547"
"116","SM-AZXXM","Heterozygous Snps","807,586"
"117","SM-AZXXM","Ambiguous Bases","0"
"118","SM-AZXXM","Small Insertions","15,505"
"119","SM-AZXXM","Small Insertion Bases","43,749"
"120","SM-AZXXM","Small Deletions","23,353"
"121","SM-AZXXM","Small Deletion Bases","96,677"
"122","SM-AZXXM","Large Insertions","11,179"
"123","SM-AZXXM","Large Insertion Bases","37,440"
"124","SM-AZXXM","Large Deletions","6,259"
"125","SM-AZXXM","Large Deletion Bases","8,449,283"
"126","SM-AZXXM","Large Imprecise Insertions","2,271"
"127","SM-AZXXM","Large Imprecise Insertion Bases","49,444"
"128","SM-AZXXM","Large Imprecise Deletions","0"
"129","SM-AZXXM","Large Imprecise Deletion Bases","0"
"130","SM-AZXXM","Large Duplications","2,201"
"131","SM-AZXXM","Large Duplication Bases","39,605,880"
"132","SM-AZXXM","Genome size estimate","506,243,548 bases"
"133","SM-AZXXM","Genome size estimate CN = 1","255,490,333 bases (  50.5 % )"
"134","SM-AZXXM","Genome size estimate CN > 1","250,753,215 bases (  49.5 % )"
"135","SM-AZXXM","SNP rate                   ~","1/538"
"136","SM-AZXXM","Percent.Ants","85.2471500987648"
"137","SM-AZXXN","Assembler","allpaths"
"138","SM-AZXXN","Contigs","43,729"
"139","SM-AZXXN","Max Contig","495,100"
"140","SM-AZXXN","Mean Contig","6,025"
"141","SM-AZXXN","Contig N50","15,318"
"142","SM-AZXXN","Contig N90","2,323"
"143","SM-AZXXN","Total Contig Length","263,478,361"
"144","SM-AZXXN","Assembly GC","38.29"
"145","SM-AZXXN","Scaffolds","6,867"
"146","SM-AZXXN","Max Scaffold","2,739,006"
"147","SM-AZXXN","Mean Scaffold","56,866"
"148","SM-AZXXN","Scaffold N50","319,641"
"149","SM-AZXXN","Scaffold N90","23,906"
"150","SM-AZXXN","Total Scaffold Length","390,499,131"
"151","SM-AZXXN","Captured Gaps","36,862"
"152","SM-AZXXN","Max Gap","14,952"
"153","SM-AZXXN","Mean Gap","3,446"
"154","SM-AZXXN","Gap N50","6,956"
"155","SM-AZXXN","Total Gap Length","127,020,770"
"156","SM-AZXXN","Reference Genome","/cil/shed/apps/internal/ale/production/projects/X966/SM-AJDMW/SM-AJDMW_allpaths_39f30j_59742/run/ASSEMBLIES/test/pilon/genome.fasta"
"157","SM-AZXXN","Snps","0"
"158","SM-AZXXN","Ambiguous Bases","0"
"159","SM-AZXXN","Small Insertions","0"
"160","SM-AZXXN","Small Insertion Bases","0"
"161","SM-AZXXN","Small Deletions","0"
"162","SM-AZXXN","Small Deletion Bases","0"
"163","SM-AZXXN","Local Reassembly Fixes","0"
"164","SM-AZXXN","Bases Added In Reassembly Fixes","0"
"165","SM-AZXXN","Bases Removed In Reassembly Fixes","0"
"166","SM-AZXXN","Gaps Opened","0"
"167","SM-AZXXN","Gaps Closed","0"
"168","SM-AZXXN","Collapsed Regions","0"
"169","SM-AZXXN","Collapsed Bases","0"
"170","SM-AZXXN","Pilon Run Date","2016-10-29"
"171","SM-AZXXN","Pilon Header","Pilon version 1.13 Fri Jun 26 14:13:10 2,015 -0400"
"172","SM-AZXXN","Pilon Command Arguments","--output pilon --vcf --diploid --nostrays --changes --fix all --genome /cil/shed/apps/internal/ale/production/projects/X966/SM-AJDMW/SM-AJDMW_allpaths_39f30j_59742/run/ASSEMBLIES/test/pilon/genome.fasta --frags HVGCWBCXX.1.SM-AJDMW.frags.aligned.duplicates_marked.bam --frags H3NHTADXY.2.SM-AJDMW.frags.aligned.duplicates_marked.bam --frags H3VHLADXY.1.SM-AJDMW.frags.aligned.duplicates_marked.bam --frags H7N27ADXY.1.SM-AJDMW.frags.aligned.duplicates_marked.bam --frags HVNY5BCXX.2.SM-AJDMW.frags.aligned.duplicates_marked.bam --jumps H7N27ADXY.2.SM-AJDMW.jumps.aligned.duplicates_marked.bam --jumps H3NHTADXY.1.SM-AJDMW.jumps.aligned.duplicates_marked.bam --jumps HVNY5BCXX.1.SM-AJDMW.jumps.aligned.duplicates_marked.bam --threads 8"
"173","SM-AZXXN","Reference Uri","file:/cil/shed/apps/internal/ale/production/projects/X966/SM-AJDMW/SM-AJDMW_allpaths_39f30j_59742/run/ASSEMBLIES/test/pilon/genome.fasta"
"174","SM-AZXXN","Reference Bases","408,773,361"
"175","SM-AZXXN","Reference N Bases","142,065,828"
"176","SM-AZXXN","Mean Total Aligned Depth","56"
"177","SM-AZXXN","Mean Useable Depth","31"
"178","SM-AZXXN","% Callable Bases","64.1568886383"
"179","SM-AZXXN","% Reference Confirmed","63.8712171364"
"180","SM-AZXXN","% Low Coverage Bases","35.1083225308"
"181","SM-AZXXN","Homozygous Snps","115,763"
"182","SM-AZXXN","Heterozygous Snps","1,051,986"
"183","SM-AZXXN","Ambiguous Bases","0"
"184","SM-AZXXN","Small Insertions","19,414"
"185","SM-AZXXN","Small Insertion Bases","51,756"
"186","SM-AZXXN","Small Deletions","33,990"
"187","SM-AZXXN","Small Deletion Bases","133,935"
"188","SM-AZXXN","Large Insertions","13,454"
"189","SM-AZXXN","Large Insertion Bases","27,185"
"190","SM-AZXXN","Large Deletions","8,602"
"191","SM-AZXXN","Large Deletion Bases","8,388,577"
"192","SM-AZXXN","Large Imprecise Insertions","2,462"
"193","SM-AZXXN","Large Imprecise Insertion Bases","32,144"
"194","SM-AZXXN","Large Imprecise Deletions","0"
"195","SM-AZXXN","Large Imprecise Deletion Bases","0"
"196","SM-AZXXN","Large Duplications","3,188"
"197","SM-AZXXN","Large Duplication Bases","61,187,495"
"198","SM-AZXXN","Genome size estimate","468,341,749 bases"
"199","SM-AZXXN","Genome size estimate CN = 1","256,927,762 bases (  54.9 % )"
"200","SM-AZXXN","Genome size estimate CN > 1","211,413,987 bases (  45.1 % )"
"201","SM-AZXXN","SNP rate                   ~","1/344"
"202","SM-AZXXN","Percent.Ants","83.6378604587345"
"203","SM-AZXXO","Assembler","allpaths"
"204","SM-AZXXO","Contigs","35,731"
"205","SM-AZXXO","Max Contig","799,724"
"206","SM-AZXXO","Mean Contig","7,442"
"207","SM-AZXXO","Contig N50","20,873"
"208","SM-AZXXO","Contig N90","3,078"
"209","SM-AZXXO","Total Contig Length","265,900,617"
"210","SM-AZXXO","Assembly GC","38.2"
"211","SM-AZXXO","Scaffolds","6,929"
"212","SM-AZXXO","Max Scaffold","3,132,550"
"213","SM-AZXXO","Mean Scaffold","49,581"
"214","SM-AZXXO","Scaffold N50","355,428"
"215","SM-AZXXO","Scaffold N90","19,967"
"216","SM-AZXXO","Total Scaffold Length","343,547,001"
"217","SM-AZXXO","Captured Gaps","28,802"
"218","SM-AZXXO","Max Gap","11,453"
"219","SM-AZXXO","Mean Gap","2,696"
"220","SM-AZXXO","Gap N50","5,362"
"221","SM-AZXXO","Total Gap Length","77,646,384"
"222","SM-AZXXO","Reference Genome","/cil/shed/apps/internal/ale/production/projects/X966/SM-AZXXO/SM-AZXXO_allpaths_44f28j_59745/run/ASSEMBLIES/test/pilon/genome.fasta"
"223","SM-AZXXO","Snps","0"
"224","SM-AZXXO","Ambiguous Bases","0"
"225","SM-AZXXO","Small Insertions","0"
"226","SM-AZXXO","Small Insertion Bases","0"
"227","SM-AZXXO","Small Deletions","0"
"228","SM-AZXXO","Small Deletion Bases","0"
"229","SM-AZXXO","Local Reassembly Fixes","0"
"230","SM-AZXXO","Bases Added In Reassembly Fixes","0"
"231","SM-AZXXO","Bases Removed In Reassembly Fixes","0"
"232","SM-AZXXO","Gaps Opened","0"
"233","SM-AZXXO","Gaps Closed","0"
"234","SM-AZXXO","Collapsed Regions","0"
"235","SM-AZXXO","Collapsed Bases","0"
"236","SM-AZXXO","Pilon Run Date","2016-10-28"
"237","SM-AZXXO","Pilon Header","Pilon version 1.13 Fri Jun 26 14:13:10 2,015 -0400"
"238","SM-AZXXO","Pilon Command Arguments","--output pilon --vcf --diploid --nostrays --threads 8 --changes --fix all --genome /cil/shed/apps/internal/ale/production/projects/X966/SM-AZXXO/SM-AZXXO_allpaths_44f28j_59745/run/ASSEMBLIES/test/pilon/genome.fasta --frags HVNY5BCXX.2.SM-AZXXO.frags.aligned.duplicates_marked.bam --frags H7N27ADXY.1.SM-AZXXO.frags.aligned.duplicates_marked.bam --frags H3NHTADXY.2.SM-AZXXO.frags.aligned.duplicates_marked.bam --frags HVGCWBCXX.1.SM-AZXXO.frags.aligned.duplicates_marked.bam --frags H3VHLADXY.1.SM-AZXXO.frags.aligned.duplicates_marked.bam --jumps HVNY5BCXX.1.SM-AZXXO.jumps.aligned.duplicates_marked.bam --jumps H3NHTADXY.1.SM-AZXXO.jumps.aligned.duplicates_marked.bam --jumps H7N27ADXY.2.SM-AZXXO.jumps.aligned.duplicates_marked.bam"
"239","SM-AZXXO","Reference Uri","file:/cil/shed/apps/internal/ale/production/projects/X966/SM-AZXXO/SM-AZXXO_allpaths_44f28j_59745/run/ASSEMBLIES/test/pilon/genome.fasta"
"240","SM-AZXXO","Reference Bases","344,973,555"
"241","SM-AZXXO","Reference N Bases","78,879,928"
"242","SM-AZXXO","Mean Total Aligned Depth","69"
"243","SM-AZXXO","Mean Useable Depth","40"
"244","SM-AZXXO","% Callable Bases","76.1023470335"
"245","SM-AZXXO","% Reference Confirmed","75.8068603259"
"246","SM-AZXXO","% Low Coverage Bases","23.1103158038"
"247","SM-AZXXO","Homozygous Snps","104,543"
"248","SM-AZXXO","Heterozygous Snps","914,808"
"249","SM-AZXXO","Ambiguous Bases","0"
"250","SM-AZXXO","Small Insertions","19,072"
"251","SM-AZXXO","Small Insertion Bases","51,054"
"252","SM-AZXXO","Small Deletions","29,908"
"253","SM-AZXXO","Small Deletion Bases","117,362"
"254","SM-AZXXO","Large Insertions","11,636"
"255","SM-AZXXO","Large Insertion Bases","37,343"
"256","SM-AZXXO","Large Deletions","5,722"
"257","SM-AZXXO","Large Deletion Bases","1,461,427"
"258","SM-AZXXO","Large Imprecise Insertions","2,192"
"259","SM-AZXXO","Large Imprecise Insertion Bases","29,945"
"260","SM-AZXXO","Large Imprecise Deletions","0"
"261","SM-AZXXO","Large Imprecise Deletion Bases","0"
"262","SM-AZXXO","Large Duplications","790"
"263","SM-AZXXO","Large Duplication Bases","12,383,560"
"264","SM-AZXXO","Genome size estimate","440,493,591 bases"
"265","SM-AZXXO","Genome size estimate CN = 1","253,086,799 bases (  57.5 % )"
"266","SM-AZXXO","Genome size estimate CN > 1","187,406,792 bases (  42.5 % )"
"267","SM-AZXXO","SNP rate                   ~","1/378"
"268","SM-AZXXO","Percent.Ants","85.8302314516806"
"269","SM-AZXXP","Assembler","allpaths"
"270","SM-AZXXP","Contigs","39,927"
"271","SM-AZXXP","Max Contig","260,274"
"272","SM-AZXXP","Mean Contig","6,131"
"273","SM-AZXXP","Contig N50","15,753"
"274","SM-AZXXP","Contig N90","2,393"
"275","SM-AZXXP","Total Contig Length","244,775,145"
"276","SM-AZXXP","Assembly GC","38.39"
"277","SM-AZXXP","Scaffolds","7,038"
"278","SM-AZXXP","Max Scaffold","2,310,520"
"279","SM-AZXXP","Mean Scaffold","49,193"
"280","SM-AZXXP","Scaffold N50","255,328"
"281","SM-AZXXP","Scaffold N90","20,001"
"282","SM-AZXXP","Total Scaffold Length","346,218,220"
"283","SM-AZXXP","Captured Gaps","32,889"
"284","SM-AZXXP","Max Gap","12,104"
"285","SM-AZXXP","Mean Gap","3,084"
"286","SM-AZXXP","Gap N50","5,800"
"287","SM-AZXXP","Total Gap Length","101,443,075"
"288","SM-AZXXP","Reference Genome","/cil/shed/apps/internal/ale/production/projects/X966/SM-AZXXP/SM-AZXXP_allpaths_59f26j_59746/run/ASSEMBLIES/test/pilon/genome.fasta"
"289","SM-AZXXP","Frag Coverage","38"
"290","SM-AZXXP","Jump Coverage","8"
"291","SM-AZXXP","Total Coverage","46"
"292","SM-AZXXP","Unpaired Coverage","0"
"293","SM-AZXXP","Snps","128,794"
"294","SM-AZXXP","Ambiguous Bases","0"
"295","SM-AZXXP","Small Insertions","22,804"
"296","SM-AZXXP","Small Insertion Bases","62,699"
"297","SM-AZXXP","Small Deletions","45,305"
"298","SM-AZXXP","Small Deletion Bases","191,755"
"299","SM-AZXXP","Local Reassembly Fixes","25,873"
"300","SM-AZXXP","Bases Added In Reassembly Fixes","3,306,502"
"301","SM-AZXXP","Bases Removed In Reassembly Fixes","3,470,405"
"302","SM-AZXXP","Gaps Opened","0"
"303","SM-AZXXP","Gaps Closed","1,703"
"304","SM-AZXXP","Collapsed Regions","1,929"
"305","SM-AZXXP","Collapsed Bases","34,599,688"
"306","SM-AZXXP","Pilon Run Date","2016-10-28"
"307","SM-AZXXP","Pilon Header","Pilon version 1.13 Fri Jun 26 14:13:10 2,015 -0400"
"308","SM-AZXXP","Pilon Command Arguments","--output pilon --vcf --diploid --nostrays --threads 8 --changes --fix all --genome /cil/shed/apps/internal/ale/production/projects/X966/SM-AZXXP/SM-AZXXP_allpaths_59f26j_59746/run/ASSEMBLIES/test/pilon/genome.fasta --frags HVNY5BCXX.2.SM-AZXXP.frags.aligned.duplicates_marked.bam --frags HVGCWBCXX.1.SM-AZXXP.frags.aligned.duplicates_marked.bam --frags H3NHTADXY.2.SM-AZXXP.frags.aligned.duplicates_marked.bam --frags H3VHLADXY.1.SM-AZXXP.frags.aligned.duplicates_marked.bam --frags H7N27ADXY.1.SM-AZXXP.frags.aligned.duplicates_marked.bam --jumps HVNY5BCXX.1.SM-AZXXP.jumps.aligned.duplicates_marked.bam --jumps H7N27ADXY.2.SM-AZXXP.jumps.aligned.duplicates_marked.bam --jumps H3NHTADXY.1.SM-AZXXP.jumps.aligned.duplicates_marked.bam"
"309","SM-AZXXP","Reference Uri","file:/cil/shed/apps/internal/ale/production/projects/X966/SM-AZXXP/SM-AZXXP_allpaths_59f26j_59746/run/ASSEMBLIES/test/pilon/genome.fasta"
"310","SM-AZXXP","Reference Bases","348,743,925"
"311","SM-AZXXP","Reference N Bases","103,691,897"
"312","SM-AZXXP","Mean Total Aligned Depth","77"
"313","SM-AZXXP","Mean Useable Depth","46"
"314","SM-AZXXP","% Callable Bases","69.0438490075"
"315","SM-AZXXP","% Reference Confirmed","68.6208311729"
"316","SM-AZXXP","% Low Coverage Bases","29.9578445703"
"317","SM-AZXXP","Homozygous Snps","140,045"
"318","SM-AZXXP","Heterozygous Snps","1,335,204"
"319","SM-AZXXP","Ambiguous Bases","0"
"320","SM-AZXXP","Small Insertions","21,881"
"321","SM-AZXXP","Small Insertion Bases","59,921"
"322","SM-AZXXP","Small Deletions","42,171"
"323","SM-AZXXP","Small Deletion Bases","176,924"
"324","SM-AZXXP","Large Insertions","14,072"
"325","SM-AZXXP","Large Insertion Bases","30,957"
"326","SM-AZXXP","Large Deletions","7,426"
"327","SM-AZXXP","Large Deletion Bases","2,483,395"
"328","SM-AZXXP","Large Imprecise Insertions","4,033"
"329","SM-AZXXP","Large Imprecise Insertion Bases","17,610"
"330","SM-AZXXP","Large Imprecise Deletions","0"
"331","SM-AZXXP","Large Imprecise Deletion Bases","0"
"332","SM-AZXXP","Large Duplications","1,929"
"333","SM-AZXXP","Large Duplication Bases","34,599,688"
"334","SM-AZXXP","Genome size estimate","460,149,081 bases"
"335","SM-AZXXP","Genome size estimate CN = 1","262,972,638 bases (  57.1 % )"
"336","SM-AZXXP","Genome size estimate CN > 1","197,176,443 bases (  42.9 % )"
"337","SM-AZXXP","SNP rate                   ~","1/265"
"338","SM-AZXXP","Percent.Ants","82.5631777994841"
"339","SM-AZXXQ","Assembler","allpaths"
"340","SM-AZXXQ","Contigs","31,448"
"341","SM-AZXXQ","Max Contig","804,845"
"342","SM-AZXXQ","Mean Contig","8,063"
"343","SM-AZXXQ","Contig N50","21,770"
"344","SM-AZXXQ","Contig N90","3,484"
"345","SM-AZXXQ","Total Contig Length","253,556,728"
"346","SM-AZXXQ","Assembly GC","38.26"
"347","SM-AZXXQ","Scaffolds","5,096"
"348","SM-AZXXQ","Max Scaffold","2,851,577"
"349","SM-AZXXQ","Mean Scaffold","61,080"
"350","SM-AZXXQ","Scaffold N50","341,270"
"351","SM-AZXXQ","Scaffold N90","25,113"
"352","SM-AZXXQ","Total Scaffold Length","311,263,197"
"353","SM-AZXXQ","Captured Gaps","26,352"
"354","SM-AZXXQ","Max Gap","13,070"
"355","SM-AZXXQ","Mean Gap","2,190"
"356","SM-AZXXQ","Gap N50","4,760"
"357","SM-AZXXQ","Total Gap Length","57,706,469"
"358","SM-AZXXQ","Reference Genome","/cil/shed/apps/internal/ale/production/projects/X966/SM-AZXXQ/SM-AZXXQ_allpaths_89f36j_59747/run/ASSEMBLIES/test/pilon/genome.fasta"
"359","SM-AZXXQ","Frag Coverage","35"
"360","SM-AZXXQ","Jump Coverage","14"
"361","SM-AZXXQ","Total Coverage","49"
"362","SM-AZXXQ","Unpaired Coverage","0"
"363","SM-AZXXQ","Snps","97,338"
"364","SM-AZXXQ","Ambiguous Bases","0"
"365","SM-AZXXQ","Small Insertions","13,306"
"366","SM-AZXXQ","Small Insertion Bases","36,398"
"367","SM-AZXXQ","Small Deletions","30,055"
"368","SM-AZXXQ","Small Deletion Bases","146,170"
"369","SM-AZXXQ","Local Reassembly Fixes","20,897"
"370","SM-AZXXQ","Bases Added In Reassembly Fixes","1,968,200"
"371","SM-AZXXQ","Bases Removed In Reassembly Fixes","1,843,906"
"372","SM-AZXXQ","Gaps Opened","0"
"373","SM-AZXXQ","Gaps Closed","1,077"
"374","SM-AZXXQ","Collapsed Regions","463"
"375","SM-AZXXQ","Collapsed Bases","6,914,902"
"376","SM-AZXXQ","Pilon Run Date","2016-10-28"
"377","SM-AZXXQ","Pilon Header","Pilon version 1.13 Fri Jun 26 14:13:10 2,015 -0400"
"378","SM-AZXXQ","Pilon Command Arguments","--output pilon_uges --vcf --diploid --nostrays --changes --fix all --genome /cil/shed/apps/internal/ale/production/projects/X966/SM-AZXXQ/SM-AZXXQ_allpaths_89f36j_59747/run/ASSEMBLIES/test/pilon/genome.fasta --frags H3VHLADXY.1.SM-AZXXQ.frags.aligned.duplicates_marked.bam --frags H7N27ADXY.1.SM-AZXXQ.frags.aligned.duplicates_marked.bam --frags H3NHTADXY.2.SM-AZXXQ.frags.aligned.duplicates_marked.bam --jumps H7N27ADXY.2.SM-AZXXQ.jumps.aligned.duplicates_marked.bam --jumps HVNY5BCXX.1.SM-AZXXQ.jumps.aligned.duplicates_marked.bam --jumps H3NHTADXY.1.SM-AZXXQ.jumps.aligned.duplicates_marked.bam --threads 8"
"379","SM-AZXXQ","Reference Uri","file:/cil/shed/apps/internal/ale/production/projects/X966/SM-AZXXQ/SM-AZXXQ_allpaths_89f36j_59747/run/ASSEMBLIES/test/pilon/genome.fasta"
"380","SM-AZXXQ","Reference Bases","312,377,867"
"381","SM-AZXXQ","Reference N Bases","58,849,818"
"382","SM-AZXXQ","Mean Total Aligned Depth","82"
"383","SM-AZXXQ","Mean Useable Depth","49"
"384","SM-AZXXQ","% Callable Bases","80.3598963047"
"385","SM-AZXXQ","% Reference Confirmed","80.1260122568"
"386","SM-AZXXQ","% Low Coverage Bases","19.0284099097"
"387","SM-AZXXQ","Homozygous Snps","105,160"
"388","SM-AZXXQ","Heterozygous Snps","625,442"
"389","SM-AZXXQ","Ambiguous Bases","0"
"390","SM-AZXXQ","Small Insertions","12,848"
"391","SM-AZXXQ","Small Insertion Bases","35,006"
"392","SM-AZXXQ","Small Deletions","28,251"
"393","SM-AZXXQ","Small Deletion Bases","135,921"
"394","SM-AZXXQ","Large Insertions","10,840"
"395","SM-AZXXQ","Large Insertion Bases","26,884"
"396","SM-AZXXQ","Large Deletions","6,536"
"397","SM-AZXXQ","Large Deletion Bases","1,119,714"
"398","SM-AZXXQ","Large Imprecise Insertions","3,085"
"399","SM-AZXXQ","Large Imprecise Insertion Bases","31,572"
"400","SM-AZXXQ","Large Imprecise Deletions","0"
"401","SM-AZXXQ","Large Imprecise Deletion Bases","0"
"402","SM-AZXXQ","Large Duplications","463"
"403","SM-AZXXQ","Large Duplication Bases","6,914,902"
"404","SM-AZXXQ","Genome size estimate","440,473,279 bases"
"405","SM-AZXXQ","Genome size estimate CN = 1","250,887,384 bases (  57.0 % )"
"406","SM-AZXXQ","Genome size estimate CN > 1","189,585,895 bases (  43.0 % )"
"407","SM-AZXXQ","SNP rate                   ~","1/568"
"408","SM-AZXXQ","Percent.Ants","88.1041719664208"
"409","SM-AZXXR","Assembler","allpaths"
"410","SM-AZXXR","Contigs","37,302"
"411","SM-AZXXR","Max Contig","722,517"
"412","SM-AZXXR","Mean Contig","7,396"
"413","SM-AZXXR","Contig N50","23,583"
"414","SM-AZXXR","Contig N90","2,900"
"415","SM-AZXXR","Total Contig Length","275,882,886"
"416","SM-AZXXR","Assembly GC","38.03"
"417","SM-AZXXR","Scaffolds","6,440"
"418","SM-AZXXR","Max Scaffold","4,232,139"
"419","SM-AZXXR","Mean Scaffold","59,595"
"420","SM-AZXXR","Scaffold N50","440,362"
"421","SM-AZXXR","Scaffold N90","24,318"
"422","SM-AZXXR","Total Scaffold Length","383,792,383"
"423","SM-AZXXR","Captured Gaps","30,862"
"424","SM-AZXXR","Max Gap","15,108"
"425","SM-AZXXR","Mean Gap","3,497"
"426","SM-AZXXR","Gap N50","7,105"
"427","SM-AZXXR","Total Gap Length","107,909,497"
"428","SM-AZXXR","Reference Genome","/cil/shed/apps/internal/ale/production/projects/X966/SM-AZXXR/SM-AZXXR_allpaths_49f35j_59748/run/ASSEMBLIES/test/pilon/genome.fasta"
"429","SM-AZXXR","Snps","0"
"430","SM-AZXXR","Ambiguous Bases","0"
"431","SM-AZXXR","Small Insertions","0"
"432","SM-AZXXR","Small Insertion Bases","0"
"433","SM-AZXXR","Small Deletions","0"
"434","SM-AZXXR","Small Deletion Bases","0"
"435","SM-AZXXR","Local Reassembly Fixes","0"
"436","SM-AZXXR","Bases Added In Reassembly Fixes","0"
"437","SM-AZXXR","Bases Removed In Reassembly Fixes","0"
"438","SM-AZXXR","Gaps Opened","0"
"439","SM-AZXXR","Gaps Closed","0"
"440","SM-AZXXR","Collapsed Regions","0"
"441","SM-AZXXR","Collapsed Bases","0"
"442","SM-AZXXR","Pilon Run Date","2016-10-29"
"443","SM-AZXXR","Pilon Header","Pilon version 1.13 Fri Jun 26 14:13:10 2,015 -0400"
"444","SM-AZXXR","Pilon Command Arguments","--output pilon --vcf --diploid --nostrays --threads 8 --changes --fix all --genome /cil/shed/apps/internal/ale/production/projects/X966/SM-AZXXR/SM-AZXXR_allpaths_49f35j_59748/run/ASSEMBLIES/test/pilon/genome.fasta --frags HVNY5BCXX.2.SM-AZXXR.frags.aligned.duplicates_marked.bam --frags H3NHTADXY.2.SM-AZXXR.frags.aligned.duplicates_marked.bam --frags H7N27ADXY.1.SM-AZXXR.frags.aligned.duplicates_marked.bam --frags HVGCWBCXX.1.SM-AZXXR.frags.aligned.duplicates_marked.bam --frags H3VHLADXY.1.SM-AZXXR.frags.aligned.duplicates_marked.bam --jumps HVNY5BCXX.1.SM-AZXXR.jumps.aligned.duplicates_marked.bam --jumps H3NHTADXY.1.SM-AZXXR.jumps.aligned.duplicates_marked.bam --jumps H7N27ADXY.2.SM-AZXXR.jumps.aligned.duplicates_marked.bam"
"445","SM-AZXXR","Reference Uri","file:/cil/shed/apps/internal/ale/production/projects/X966/SM-AZXXR/SM-AZXXR_allpaths_49f35j_59748/run/ASSEMBLIES/test/pilon/genome.fasta"
"446","SM-AZXXR","Reference Bases","386,260,174"
"447","SM-AZXXR","Reference N Bases","110,260,990"
"448","SM-AZXXR","Mean Total Aligned Depth","70"
"449","SM-AZXXR","Mean Useable Depth","39"
"450","SM-AZXXR","% Callable Bases","70.64180347"
"451","SM-AZXXR","% Reference Confirmed","70.4063999619"
"452","SM-AZXXR","% Low Coverage Bases","28.793289727"
"453","SM-AZXXR","Homozygous Snps","122,389"
"454","SM-AZXXR","Heterozygous Snps","786,881"
"455","SM-AZXXR","Ambiguous Bases","0"
"456","SM-AZXXR","Small Insertions","13,954"
"457","SM-AZXXR","Small Insertion Bases","38,017"
"458","SM-AZXXR","Small Deletions","23,969"
"459","SM-AZXXR","Small Deletion Bases","98,514"
"460","SM-AZXXR","Large Insertions","11,480"
"461","SM-AZXXR","Large Insertion Bases","33,255"
"462","SM-AZXXR","Large Deletions","5,673"
"463","SM-AZXXR","Large Deletion Bases","2,525,822"
"464","SM-AZXXR","Large Imprecise Insertions","2,317"
"465","SM-AZXXR","Large Imprecise Insertion Bases","37,462"
"466","SM-AZXXR","Large Imprecise Deletions","0"
"467","SM-AZXXR","Large Imprecise Deletion Bases","0"
"468","SM-AZXXR","Large Duplications","994"
"469","SM-AZXXR","Large Duplication Bases","15,739,070"
"470","SM-AZXXR","Genome size estimate","521,153,274 bases"
"471","SM-AZXXR","Genome size estimate CN = 1","252,634,213 bases (  48.5 % )"
"472","SM-AZXXR","Genome size estimate CN > 1","268,519,061 bases (  51.5 % )"
"473","SM-AZXXR","SNP rate                   ~","1/679"
"474","SM-AZXXR","Percent.Ants","85.2072274945043"
