Project,Site,Collection_no,Phytotron_ID (Ap_GXL),"Species (varying ID sources, /Bernice if different from original ID)",Locale,State,Extractor,DNA extracted,RAD_lane,Barcode_well,Qubit quantification (ng/ul),Total amt (ng),Box,order
ANBE,AHF,1,,picea,Harvard Forest,MA,SHC,10/2/14,ddRAD5,D8,27,945,1,66
ANBE,AHF,2,,picea,Harvard Forest,MA,Skye L,10/9/14,ddRAD5,C9,14,490,1,73
ANBE,AHF,3,,picea,Harvard Forest,MA,Skye L,10/16/14,ddRAD5,B10,10.4,364,1,80
ANBE,AHW,1,,tennesseensis,Hitchcock Woods,SC,SHC & Skye L,10/24/14,ddRAD4,A11,12.7,444.5,1,83
ANBE,AHW,2,,rudis,Hitchcock Woods,SC,SHC & Skye L,10/24/14,ddRAD4,D11,6.87,240.45,1,86
ANBE,AHW,3,,rudis,Hitchcock Woods,SC,Skye L,11/13/14,ddRAD4,A1,13,455,2,1
ANBE,AHW,4,,,Hitchcock Woods,SC,Skye L,12/5/14,ddRAD4,B2,24.1,843.5,2,10
ANBE,AHW,5,,,Hitchcock Woods,SC,Skye L,12/5/14,ddRAD4,B3,41.1,1438.5,2,18
ANBE,AHW,7,,fulva,Hitchcock Woods,SC,SHC,9/7/14,ddRAD4,C7,14.8,518,1,53
ANBE,Ala,1,,miamiana,Alachua Co,FL,,,ddRAD7,A4,,,Frozen,17
ANBE,Ala,2,,miamiana,Alachua Co,FL,,,ddRAD7,D1,,,Frozen,18
ANBE,Ala,3,,miamiana,Alachua Co,FL,,,ddRAD7,D2,,,Frozen,19
ANBE,Ala,4,,miamiana,Alachua Co,FL,,,ddRAD6,C3,,,Frozen,20
ANBE,Ala,5,,miamiana,Alachua Co,FL,,,ddRAD6,D3,,,Frozen,21
Pop genomics,APB,1,,,Albany Pine Bush,NY,SHC,7/8/14,ddRAD1,B4,,,,
Phyt,APB,3,20-B/C,picea,Albany Pine Bush,NY,,,ddRAD3,B9,,,EtOH,3
Pop genomics,APB,4,,,Albany Pine Bush,NY,,,ddRAD4,C8,,,Frozen,26
Pop genomics,APB,5,,,Albany Pine Bush,NY,SHC,7/8/14,ddRAD1,A12,,,,
Pop genomics,APB,6,,,Albany Pine Bush,NY,,,ddRAD6,C4,,,Frozen,27
Pop genomics,APB,7,,,Albany Pine Bush,NY,SHC,7/8/14,ddRAD1,B9,,,,
Phyt,APB,8,20-D,picea,Albany Pine Bush,NY,,,ddRAD3,B8,,,EtOH,2
Pop genomics,APB,9,,,Albany Pine Bush,NY,SHC,7/8/14,ddRAD1,B8,,,,
Phyt,APB,10,20-A,picea,Albany,NY,SHC,8/30/14,ddRAD3,D2,9.26,324.1,1,34
Pop genomics,APB,11,,,Albany Pine Bush,NY,SHC,7/8/14,ddRAD1,B1,,,,
Pop genomics,APB,13,,,Albany Pine Bush,NY,SHC,7/8/14,ddRAD1,B6,,,,
Phyt,APB,3b,20-C,picea,Albany Pine Bush,NY,SHC,9/7/14,ddRAD3,D3,10.4,364,1,47
Bernice,Aphash,12,,ashmeadi,"Pullen Park, Wake Co.",NC,,,ddRAD7,D10,,,EtOH,62
Bernice,Aphcar,2,,carolinensis,Bladen County,NC,,,ddRAD8,B3,,,EtOH,63
Bernice,Aphfle,1,,flemingi,Alachua Co.,FL,,,ddRAD7,A9,,,EtOH,65
Bernice,Aphflo,6,,floridana,Tattnall Co.,GA,,,ddRAD6,A12,,,EtOH,64
Bernice,Aphful,13,,fulva,Hennepin Canal near town of Rock Falls,IL,,,ddRAD7,D9,,,EtOH,66
Bernice,Aphhua,1,,huachucana,Santa Cruz Co.,AZ,,,,,,,EtOH,60
Bernice,Aphhua,4,,huachucana,Canyon de Shelley,AZ,,,,,,,EtOH,58
Bernice,Aphjap,1,,japonica,Mount Kinkouzan,JAPAN,,,ddRAD7,D12,,,EtOH,59
Bernice,Aphlam,1,,lamellidans,near Chancellorsville Battlefield,VA,,,ddRAD6,C8,,,EtOH,67
Bernice,Aphmar,1,,mariae,near Chancellorsville Battlefield,VA,,,ddRAD6,A10,,,EtOH,68
Bernice,Aphmeg,1,,megommata,"Clark Co, Hwy 165",NV,,,ddRAD7,B12,,,EtOH,69
Bernice,Aphmia,5,,miamiana,Bladen Lakes State Forest nr river,NC,,,ddRAD6,C11,,,EtOH,70
Bernice,Aphocc,5,,occidentalis,Big Cottonwood Canyon,UT,,,ddRAD6,D9,,,EtOH,72
Bernice,Aphpat,1,,patruelis,San Clemente Island,CA,,,ddRAD6,A9,,,EtOH,71
Bernice,Aphpic,30,,picea,"Lieber Rec.l Area, Covered Bridge Trail",IN,,,ddRAD7,A8,,,EtOH,73
Bernice,Aphpic,32,,picea,Pinery Provincial Park,ON,,,ddRAD8,A1,,,EtOH,74
Bernice,Aphrud,6,,rudis,McIntyre Park,VA,,,ddRAD6,C7,,,EtOH,79
Bernice,Aphrud,14,,picea,Rondeau Provincial Park,ON,,,ddRAD7,C8,,,EtOH,75
Bernice,Aphrud,16,,rudis,"Wayne Naional Forest, Wildcat trail",OH,,,ddRAD6,A7,,,EtOH,77
Bernice,Aphrud,45,,rudis,"Lieber Rec.l Area, Covered Bridge Trail",IN,,,ddRAD6,B7,,,EtOH,78
Bernice,Aphrud,48,,rudis,Duke Forest Warming Project,NC,,,ddRAD7,D8,,,EtOH,76
Bernice,Aphten,5,,tennesseensis,Stephens State Forest: Lucas Unit,IA,,,ddRAD6,D7,,,EtOH,80
Bernice,Aphtex,7,,texana,West Tyson County Park,MO,,,ddRAD7,D11,,,EtOH,81
,Aphtex,5?,,,,,,,ddRAD6,B10,,,,
Bernice,Aphtre,1,,treatae,Edwin S. George Reserve,MI,,,ddRAD8,D2,,,EtOH,82
Bernice,Aphuin,2,,uinta,Clark Co.,NV,,,ddRAD8,A3,,,EtOH,83
Pop genomics,BARD,1,,,Bard College,NY,SHC,7/8/14,ddRAD1,B5,,,,
Phyt,BARD,3,17-C,picea,Bard College,NY,SHC,7/7/14,ddRAD1,A9,,,,
Pop genomics,BARD,4,,,Bard College,NY,SHC,7/10/14,ddRAD1,D1,,,,
Pop genomics,BARD,5,,fulva,Bard College,NY,SHC,7/10/14,ddRAD1,D2,,,,
Pop genomics,BARD,6,,,Bard College,NY,SHC,7/10/14,ddRAD1,D7,,,,
Pop genomics,BARD,7,,,Bard College,NY,SHC,7/9/14,ddRAD1,C2,,,,
Phyt,Bard,9,17-B,picea,Red Hook,NY,SHC,8/30/14,ddRAD3,D4,14.7,514.5,1,38
Phyt,Bard,10,17-A,picea,Red Hook,NY,SHC,8/30/14,ddRAD3,D5,15.4,539,1,43
Pop genomics,BARD,11,,,Bard College,NY,SHC,7/9/14,ddRAD1,C6,,,,
Pop genomics,BARD,12,,,Bard College,NY,SHC,7/9/14,ddRAD1,C1,,,,
Pop genomics,Bear,1,,,Allenstown,NH,,,ddRAD6,C6,,,Frozen,77
Phyt,Bear,3,21-C,picea,Allenstown,NH,SHC,8/30/14,ddRAD3,D6,11.5,402.5,1,32
Pop genomics,Bear,4,,,Allenstown,NH,,,ddRAD7,B3,,,Frozen,78
Phyt,Bear,5,21-B,picea,Allenstown,NH,,,ddRAD3,B11,,,EtOH,5
Phyt,Bear,6,21-A,picea,Allenstown,NH,,,ddRAD3,C2,,,EtOH,8
Pop genomics,Bear,7,,,Allenstown,NH,,,ddRAD6,D5,,,Frozen,79
Pop genomics,Bear,8,,,Allenstown,NH,,,ddRAD7,D3,,,Frozen,80
Pop genomics,Bear,10,,,Allenstown,NH,,,ddRAD6,C5,,,Frozen,81
ANBE,BK,6-1,,Messor pergandei,Bakersfield,CA,Skye L,10/9/14,ddRAD5,D9,7.07,247.45,1,74
Phyt,Brad,1,28-A,picea,Bradford,ME,SHC,8/30/14,ddRAD3,D7,13,455,1,35
Pop genomics,Brad,2,,,Bradley Public Lands,ME,,,ddRAD7,A3,,,Frozen,74
Pop genomics,Brad,3,,,Bradley Public Lands,ME,,,ddRAD7,C3,,,Frozen,75
Pop genomics,Brad,4,,,Bradley Public Lands,ME,,,ddRAD6,A5,,,Frozen,76
Pop genomics,Brad,5,,,Bradley Public Lands,ME,,,ddRAD6,A1,,,Frozen,28
Phyt,Brad,6,28-B,picea,Bradley Public Lands,ME,,,ddRAD3,B6,,,Frozen,44
Pop genomics,BRM /BRF,1,,,Black Rock Forest,NY,SHC,7/8/14,ddRAD1,B2,,,,
Pop genomics,BRM /BRF,2,,,Black Rock Forest,NY,SHC,7/8/14,ddRAD1,B3,,,,
Pop genomics,BRM /BRF,3,,,Black Rock Forest,NY,SHC,7/9/14,ddRAD1,C7,,,,
Phyt,BRM /BRF,4,16-A,picea,Black Rock Forest,NY,SHC,7/7/14,ddRAD1,A3,,,,
Pop genomics,BRM /BRF,5,,,Black Rock Forest,NY,SHC,7/9/14,ddRAD1,C8,,,,
Pop genomics,BRM /BRF,6,,,Black Rock Forest,NY,SHC,7/10/14,ddRAD1,C11,,,,
Pop genomics,BRM /BRF,7,,,Black Rock Forest,NY,SHC,7/9/14,ddRAD1,B11,,,,
Pop genomics,BRM /BRF,9,,,Black Rock Forest,NY,SHC,7/8/14,ddRAD1,B7,,,,
Pop genomics,BRM /BRF,10,,,Black Rock Forest,NY,SHC,7/9/14,ddRAD1,C5,,,,
Pop genomics,BRM /BRF,12,,,Black Rock Forest,NY,SHC,7/9/14,ddRAD1,C4,,,,
Pop genomics,BRM /BRF,4 (second sample),,,Black Rock Forest,NY,SHC,7/10/14,ddRAD1,D10,,,,
Phyt,BRM/BRF,8,16-B,picea,Black Rock Forest,NY,,,ddRAD3,C4,,,EtOH,10
Pop genomics,BRM/BRF,11,,,Black Rock Forest,NY,,,ddRAD6,A4,,,Frozen,29
Pop genomics,BRP,1,,picea,"Blue Ridge Parkway, high elevation",NC,SHC,8/28/14,ddRAD4,D5,7.54,263.9,1,23
Phyt,BRP,2,07-A,picea,"Blue Ridge Pkwy, Spruce Pine",NC,,,ddRAD3,A10,,,Frozen,36
Pop genomics,BRP,3,,picea,"Blue Ridge Parkway, high elevation",NC,SHC,8/28/14,ddRAD5,B5,6.33,221.55,1,26
Pop genomics,BRP,4,,,"Blue Ridge Parkway, high elevation",NC,SHC,8/28/14,ddRAD4,C4,9.38,328.3,1,13
Pop genomics,BRP,5,,picea,"Blue Ridge Parkway, high elevation",NC,,,ddRAD9,B2,,,Frozen,55
Pop genomics,BRP,6,,,"Blue Ridge Parkway, high elevation",NC,,,ddRAD8,D3,,,Frozen,56
Pop genomics,BRP,7,,picea,"Blue Ridge Parkway, high elevation",NC,,,ddRAD8,B7,,,Frozen,57
Pop genomics,BRP,8,,,"Blue Ridge Parkway, high elevation",NC,SHC,8/28/14,ddRAD4,A4,9.81,343.35,1,10
Phyt,BRP,9,07-B,picea,Blue Ridge Parkway,NC,SHC,5/20/14,ddRAD2,A4,,,,
Pop genomics,BRP,10,,,"Blue Ridge Parkway, high elevation",NC,,,ddRAD9,C5,,,Frozen,58
ANBE,Camp-NSP,,,Camponotus,Neshaminy State Park,PA,Skye L,10/2/14,ddRAD5,D7,11.1,388.5,1,58
Lacy_field,CC,,,,38.195937N 81.477616W,WV,,,ddRAD6,D8,,,EtOH,19
CG,CG-NSP,0,,,Neshamany State Park,PA,,,ddRAD5,A10,,,Frozen,114
CG,CG-NSP,1,,,Neshamany State Park,PA,,,ddRAD7,D4,,,Frozen,94
CG,CG-NSP,2,,,Neshamany State Park,PA,,,ddRAD6,B6,,,Frozen,95
CG,CG-NSP,3,,,Neshamany State Park,PA,,,ddRAD7,B4,,,Frozen,96
CG,CG-NSP,4,,,Neshamany State Park,PA,,,ddRAD7,D5,,,Frozen,97
CG,CG-NSP,6,,,Neshamany State Park,PA,,,ddRAD8,B1,,,Frozen,98
CG,CG-NSP,7,,,Neshamany State Park,PA,,,ddRAD8,A2,,,Frozen,115
CG,CG-NSP,8,,,Neshamany State Park,PA,,,ddRAD5,B3,,,Frozen,99
CG,CG-NSP,10,,,Neshamany State Park,PA,,,ddRAD5,C12,,,Frozen,100
CG,CG-NSP,11,,,Neshamany State Park,PA,,,ddRAD8,D1,,,Frozen,101
CG,CG-NSP,12,,,Neshamany State Park,PA,,,ddRAD9,D1,,,Frozen,102
CG,CG-NSP,14,,,Neshamany State Park,PA,,,ddRAD5,D12,,,Frozen,103
CG,CG-NSP,15,,,Neshamany State Park,PA,,,ddRAD5,C2,,,Frozen,104
CG,CG-RW,1,,,"Rugar Woods, SUNY Plattsburgh",NY,,,ddRAD7,B2,,,Frozen,84
CG,CG-RW,4,,,"Rugar Woods, SUNY Plattsburgh",NY,,,ddRAD6,A6,,,Frozen,85
CG,CG-RW,6,,,"Rugar Woods, SUNY Plattsburgh",NY,,,ddRAD6,D6,,,Frozen,86
CG,CG-RW,7,,,"Rugar Woods, SUNY Plattsburgh",NY,,,ddRAD6,B1,,,Frozen,87
CG,CG-RW,8,,,"Rugar Woods, SUNY Plattsburgh",NY,,,ddRAD6,C1,,,Frozen,88
CG,CG-RW,9,,,"Rugar Woods, SUNY Plattsburgh",NY,,,ddRAD6,D1,,,Frozen,89
CG,CG-RW,10,,,"Rugar Woods, SUNY Plattsburgh",NY,,,ddRAD7,A1,,,Frozen,90
CG,CG-RW,11,,,"Rugar Woods, SUNY Plattsburgh",NY,,,ddRAD9,D8,,,Frozen,91
CG,CG-RW,12,,,"Rugar Woods, SUNY Plattsburgh",NY,,,ddRAD6,D4,,,Frozen,92
CG,CG-RW,13,,,"Rugar Woods, SUNY Plattsburgh",NY,,,ddRAD6,B5,,,Frozen,93
CG,CG-YM,4,,,Yates Mill,NC,,,ddRAD8,B8,,,Frozen,105
CG,CG-YM,5,,,Yates Mill,NC,,,ddRAD8,C8,,,Frozen,106
CG,CG-YM,6,,,Yates Mill,NC,,,ddRAD9,B3,,,Frozen,116
CG,CG-YM,7,,,Yates Mill,NC,,,ddRAD8,B9,,,Frozen,107
CG,CG-YM,8,,,Yates Mill,NC,,,ddRAD9,A1,,,Frozen,108
CG,CG-YM,9,,,Yates Mill,NC,,,ddRAD8,C1,,,Frozen,109
CG,CG-YM,10,,,Yates Mill,NC,,,ddRAD5,C1,,,Frozen,110
CG,CG-YM,11,,,Yates Mill,NC,,,ddRAD9,D4,,,Frozen,111
CG,CG-YM,12,,,Yates Mill,NC,,,ddRAD8,D8,,,Frozen,112
CG,CG-YM,13,,,Yates Mill,NC,,,ddRAD4,C10,,,Frozen,113
Lacy_field,CHSP,,,,35.184817N 83.032667W,SC,,,,,,,EtOH,14
ANBE,CJ,1,,,"Cabin John Park, Montgomery Co.",,Skye L,12/5/14,ddRAD4,D12,24.1,843.5,1,94
ANBE,CJ,2,,fulva,"Cabin John Park, Montgomery Co.",MD,,,ddRAD7,C1,,,Frozen,5
ANBE,CJ,3,,rudis,"Cabin John Park, Montgomery Co.",MD,SHC,9/7/14,ddRAD4,B7,36.7,1284.5,1,52
ANBE,CJ,4,,rudis,"Cabin John Park, Montgomery Co.",MD,SHC,10/2/14,ddRAD5,C8,19,665,1,65
ANBE,CJ,5,,rudis,"Cabin John Park, Montgomery Co.",MD,Skye L,10/9/14,ddRAD8,A4,5.91,206.85,1,5
ANBE,CJ,6,,fulva,"Cabin John Park, Montgomery Co.",MD,Skye L,10/16/14,ddRAD4,D10,6.24,218.4,1,78
ANBE,CJ,7,,rudis,"Cabin John Park, Montgomery Co.",MD,SHC & Skye L,10/24/14,ddRAD5,C11,6.82,238.7,1,89
ANBE,CJ,8,,fulva,"Cabin John Park, Montgomery Co.",MD,,,ddRAD6,D2,,,Frozen,13
ANBE,CJ,9,,rudis,"Cabin John Park, Montgomery Co.",MD,Skye L,11/21/14,ddRAD5,B1,22.8,798,2,6
Lacy_field,Colum,,,,33.738209N 81.097873W,SC,,,ddRAD6,B3,,,EtOH,25
ANBE,Crematogaster,,,Crematogaster sp.,Welder Wildlife foundation,TX,,,ddRAD7,A5,,,Frozen,9
Pop genomics,DSF,1,,,Delaware State Park,PA,SHC,7/10/14,ddRAD1,C12,,,,
Pop genomics,DSF,2,,,Delaware State Park,PA,SHC,7/9/14,ddRAD1,C10,,,,
Pop genomics,DSF,3,,,Delaware State Park,PA,SHC,7/9/14,ddRAD1,C3,,,,
Phyt,DSF,4,15-A,picea,Greentown,PA,,,ddRAD3,A1,,,Frozen,59
Pop genomics,DSF,7,,,Delaware State Park,PA,SHC,7/9/14,ddRAD1,C9,,,,
Phyt,DSF,8,15-C,picea,Delaware State Park,PA,SHC,7/7/14,ddRAD1,A11,,,,
Pop genomics,DSF,9,,,Delaware State Park,PA,SHC,7/8/14,ddRAD1,B10,,,,
Pop genomics,DSF,10,,,Delaware State Park,PA,SHC,7/10/14,ddRAD1,D9,,,,
Phyt,DSF,11,15-B,picea,Delaware State Park,PA,SHC,7/7/14,ddRAD1,A10,,,,
Phyt,DSF,12,15-D,picea,Delaware State Park,NY,,,ddRAD3,C6,,,EtOH,12
ANBE,Duke,1,,rudis,Duke Forest,NC,SHC,10/2/14,ddRAD4,D8,12.5,437.5,1,62
ANBE,Duke,2,,rudis,Duke Forest,NC,Skye L,10/9/14,ddRAD4,C9,9.93,347.55,1,69
ANBE,Duke,3,,rudis,Duke Forest,NC,,,ddRAD7,B1,,,Frozen,16
ANBE,Duke,4,,rudis,Duke Forest,NC,,,ddRAD7,A6,,,Frozen,14
ANBE,Duke,5,,rudis,Duke Forest,NC,,,ddRAD6,B2,,,Frozen,22
ANBE,Duke,6,,mariae,Duke Forest,NC,Skye L,11/21/14,ddRAD4,B1,37,1295,2,2
ANBE,Duke,7,,,Duke Forest,NC,Skye L,12/5/14,ddRAD4,C2,24,840,2,11
ANBE,Duke,8,,,Duke Forest,NC,Skye L,12/5/14,ddRAD4,D6,39.3,1375.5,1,33
ANBE,Duke ,9,,lamellidans,Duke Forest,NC,,,ddRAD7,D7,,,Frozen,7
Phyt,DW,2,06-A,rudis,Deans Woods,TN,,,ddRAD3,A8,,,Frozen,34
Phyt,DW ,1,06-B,rudis,Deans Woods,TN,,,ddRAD3,A9,,,Frozen,35
Phyt,EW,4,24-B,picea,East Woods,VT,SHC,8/7/14,ddRAD2,D11,,,,
Phyt,EW,9,24-A,picea,East Woods,VT,,,ddRAD3,C5,,,EtOH,11
ANBE,exit,65,,Messor pergandei,,AZ,Skye L,11/21/14,ddRAD9,A5,13.2,462,2,7
ANBE,Fbragg,1,,floridana,Fort Bragg,NC,SHC,9/7/14,ddRAD5,A7,16.7,584.5,1,55
ANBE,Fbragg,2,,ashmeadi,Fort Bragg,NC,SHC,10/2/14,ddRAD5,A8,23,805,1,63
ANBE,Fbragg,3,,floridana,Fort Bragg,NC,Skye L,10/9/14,ddRAD4,D9,11.5,402.5,1,70
ANBE,Fbragg,4,,floridana,Fort Bragg,NC,,,ddRAD6,C2,,,Frozen,25
ANBE,Fbragg,5,,floridana,Fort Bragg,NC,SHC & Skye L,10/24/14,ddRAD4,B11,7.95,278.25,1,84
Lacy_field,FIELD,HK,,,Hitchcock,SC,SHC,8/19/14,ddRAD5,D3,7.63,267.05,1,7
Lacy_field,FIELD,OF,,,Okeefenokee,FL,SHC,8/19/14,ddRAD5,C3,8.73,305.55,1,6
Phyt,FMU,4,03-A,,Francis Marion Univ.,SC,SHC,7/7/14,ddRAD1,A1,,,,
Pop genomics,FMU,6,,,,,,,ddRAD9,C4,,,EtOH,85
ANBE,Formica,,,,,,SHC,10/2/14,ddRAD4,B9,32.5,1137.5,1,68
Lacy_field,FS,,,,31.974933N 81.36025W,GA,,,ddRAD8,C4,,,EtOH,21
Lacy_field,GF-GSMNP,,,,35.67894N 83.4641W,TN,,,ddRAD8,A5,,,EtOH,15
Pop genomics,GSMNP,1,,,Great Smoky Mountains National Park (mid-elevation),TN,,,ddRAD8,A6,,,Frozen,47
Pop genomics,GSMNP,2,,,Great Smoky Mountains National Park (mid-elevation),TN,,,ddRAD9,A6,,,Frozen,53
Pop genomics,GSMNP,3,,,Great Smoky Mountains National Park (mid-elevation),TN,SHC,8/28/14,ddRAD5,C4,7.87,275.45,1,17
Phyt,GSMNP,4,05-B,picea,Great Smoky Mountains National Park,TN,,,ddRAD3,A7,,,Frozen,33
Phyt,GSMNP,5,05-D,picea,Great Smoky Mountains National Park,TN,SHC,,ddRAD2,A3,,,,
Pop genomics,GSMNP,7,,,Great Smoky Mountains National Park (mid-elevation),TN,,,ddRAD9,D5,,,Frozen,54
Lacy_field,GSMNP,,,,35.67950N 83.54955W,TN,,,ddRAD7,B9,,,EtOH,17
Phyt,HF,1,19-A,picea,Harvard Forest,MA,SHC,8/7/14,ddRAD3,D8,12.3,430.5,1,1
Pop genomics,HF,17,,,Harvard Forest,MA,SHC,8/7/14,ddRAD4,C3,8.78,307.3,1,2
Pop genomics,HF,25,,,Harvard Forest,MA,SHC,8/5/14,ddRAD2,C1,,,,
Pop genomics,HF,28,,,Harvard Forest,MA,SHC,8/5/14,ddRAD2,A5,,,,
Pop genomics,HF,37,,,Harvard Forest,MA,SHC,8/7/14,ddRAD2,D12,,,,
Pop genomics,HSP,1,,,Hickory Run State Park,PA,SHC,8/5/14,ddRAD2,B8,,,,
Pop genomics,HSP,2,,,Hickory Run State Park,PA,SHC,8/5/14,ddRAD2,B12,,,,
Pop genomics,HSP,3,,,Hickory Run State Park,PA,SHC,7/10/14,ddRAD1,D6,,,,
Pop genomics,HSP,4,,,Hickory Run State Park,PA,SHC,8/5/14,ddRAD2,B2,,,,
Pop genomics,HSP,5,,picea,Hickory Run State Park,PA,SHC,7/10/14,ddRAD1,D8,,,,
Phyt,HSP,6,13-A,picea,Hickory Run State Park,PA,SHC,7/7/14,ddRAD1,A2,,,,
Phyt,HSP,7,13-B,picea,Hickory Run State Park,PA,,,ddRAD3,C3,,,EtOH,9
Pop genomics,HSP,8,,,Hickory Run State Park,PA,SHC,8/5/14,ddRAD2,B6,,,,
Phyt,HSP,9,13-C,picea / rudis (odd),Hickory Run State Park,PA,SHC,8/5/14,ddRAD2,B7,,,,
Pop genomics,HSP,10,,,Hickory Run State Park,PA,SHC,7/10/14,ddRAD1,D5,,,,
Pop genomics,HSP,11,,,Hickory Run State Park,PA,SHC,7/10/14,ddRAD1,D4,,,,
Phyt,HSP,12,13-D,picea,White Haven,PA,SHC,8/30/14,ddRAD3,D9,10.9,381.5,1,41
Phyt,HW,1,02-A,rudis,Hitchcock Woods,SC,,,ddRAD3,A5,,,Frozen,31
Pop genomics,HW,2,,,Hitchcock Woods,SC,SHC,8/7/14,ddRAD2,D7,,,,
Pop genomics,HW,3,,,Hitchcock Woods,SC,SHC,8/7/14,ddRAD2,D10,,,,
Phyt,HW,5,02-B,rudis,,,,,ddRAD3,C10,,,EtOH,87
Pop genomics,HW,6,,,Hitchcock Woods,SC,SHC,8/7/14,ddRAD2,D8,,,,
Phyt,HW,7,02-C,rudis,Hitchcock Woods,SC,SHC,,ddRAD2,A2,,,,
Pop genomics,HW,8,,,Hitchcock Woods,SC,SHC,8/7/14,ddRAD2,D5,,,,
Pop genomics,HW,9,,,Hitchcock Woods,SC,SHC,8/7/14,ddRAD2,D9,,,,
Pop genomics,HW,10,,,Hitchcock Woods,SC,SHC,8/7/14,ddRAD4,D3,9.8,343,1,3
Phyt,IJAMS,1,08-D,rudis,Ijams Nature Center,TN,,,ddRAD3,A2,,,Frozen,60
Pop genomics,IJAMS,2,,,Ijams Nature Center,TN,SHC,8/7/14,ddRAD5,A3,9.41,329.35,1,4
Pop genomics,IJAMS,3,,,Ijams Nature Center,TN,SHC,8/6/14,ddRAD2,D4,,,,
Pop genomics,IJAMS,4,,,Ijams Nature Center,TN,SHC,7/10/14,ddRAD1,D3,,,,
Phyt,Ijams,6,08-A,rudis,Ijams Nature Center,TN,,,ddRAD3,A11,,,Frozen,37
Pop genomics,IJAMS,QL,,,Ijams Nature Center,TN,SHC,8/7/14,ddRAD2,D6,,,,
Lacy_field,JMBSF,,,,30.496818N 82.312629W,FL,,,ddRAD8,C2,,,EtOH,18
Phyt,KBH,1,27-B,picea,Kennebec Highlands,ME,,,ddRAD3,C9,,,EtOH,86
Pop genomics,KBH,2,,,Kennebec Highlands,ME,,,ddRAD9,C7,,,Frozen,49
Pop genomics,KBH,3,,,Kennebec Highlands,ME,,,ddRAD9,D7,,,Frozen,52
Phyt,KBH,4,27-A,picea,Kennebec Highlands,ME,,,ddRAD3,B12,,,EtOH,6
Pop genomics,KBH,5,,,Kennebec Highlands,ME,,,ddRAD8,C6,,,Frozen,48
Pop genomics,KBH,6,,,Kennebec Highlands,ME,,,ddRAD8,C3,,,Frozen,50
Pop genomics,KBH,8,,picea,Kennebec Highlands,ME,,,ddRAD8,C5,,,Frozen,51
ANBE,KH,1,,floridana,Key Heights,FL,Skye L,10/9/14,ddRAD4,A10,17.4,609,1,75
ANBE,KH,2,,floridana,Key Heights,FL,SHC & Skye L,10/24/14,ddRAD5,C10,9.67,338.45,1,81
ANBE,KH,3,,floridana,Key Heights,FL,SHC & Skye L,10/24/14,ddRAD4,C11,16.2,567,1,85
ANBE,KH,4,,ashmeadi,Key Heights,FL,,,ddRAD6,A2,,,Frozen,24
ANBE,KH,5,,ashmeadi,Key Heights,FL,Skye L,11/21/14,ddRAD5,D1,26.6,931,2,8
ANBE,KH,6,,,Key Heights,FL,Skye L,12/5/14,ddRAD5,D2,43.9,1536.5,2,16
ANBE,KH,7,,floridana,Key Heights,FL,SHC & Skye L,10/24/14,ddRAD5,D10,9.33,326.55,1,82
ANBE,KH,8,,floridana,Key Heights,FL,SHC & Skye L,10/24/14,ddRAD5,A11,11.4,399,1,87
ANBE,Kite,1,,rudis,Kite,GA,Skye L,11/13/14,ddRAD5,B12,10.8,378,1,96
ANBE,Kite,2,,fulva,Kite,GA,Skye L,11/21/14,ddRAD4,A2,24,840,2,9
ANBE,Kite,3,,,Kite,GA,Skye L,12/5/14,ddRAD4,A3,21.4,749,2,17
ANBE,Kite,4,,fulva,Kite,GA,,,ddRAD7,C7,,,Frozen,8
ANBE,Kite,5,,rudis,Kite,GA,SHC,9/7/14,ddRAD5,D6,52,1820,1,50
ANBE,Kite,8,,fulva,Kite,GA,,,ddRAD7,C4,,,Frozen,15
ANBE,Lex,1,,,Lexington,VA,,,ddRAD7,D6,,,Frozen,1
ANBE,Lex,5,,,Lexington,VA,Skye L,12/5/14,ddRAD5,A12,22.6,791,1,95
ANBE,Lex,9,,,Lexington,VA,Skye L,12/5/14,ddRAD5,A9,24.6,861,1,71
ANBE,Lex,11,,rudis,Lexington,VA,Skye L,11/13/14,ddRAD4,B12,13,455,1,92
ANBE,Lex,13,,,Lexington,VA,Skye L,12/5/14,ddRAD5,A2,29.8,1043,2,13
ANBE,Lex-SHC,4,,rudis,Lexington,VA,,,ddRAD7,A7,,,Frozen,6
Lacy_field,LF-GSMNP,,,,35.6686N 83.58632W,TN,,,ddRAD7,A10,,,EtOH,22
ANBE,LPR,1,,,Longleaf Flatwoods Reserve,FL,Skye L,12/5/14,ddRAD4,B10,34.1,1193.5,1,76
ANBE,LPR,2,,ashmeadi,Longleaf Flatwoods Reserve,FL,SHC,9/7/14,ddRAD4,A7,21.5,752.5,1,51
ANBE,LPR,4,,ashmeadi,Longleaf Flatwoods Reserve,FL,SHC,10/2/14,,,27.7,969.5,1,61
Pop genomics,LVA,1,,fulva,Lynchburg (Black Water Creek park),VA,SHC,8/28/14,ddRAD5,A5,9.89,346.15,1,25
ANBE,LVA,2,,rudis,Lynchburg,VA,SHC,9/7/14,ddRAD5,B6,9.26,324.1,1,48
Pop genomics,LVA,3,,rudis,Lynchburg (Black Water Creek park),VA,SHC,8/28/14,ddRAD5,B4,8.27,289.45,1,16
Pop genomics,LVA,4,,,Lynchburg (Black Water Creek park),VA,SHC,8/28/14,ddRAD4,B4,5.91,206.85,1,12
Pop genomics,LVA,5,,,Lynchburg (Black Water Creek park),VA,SHC,8/28/14,ddRAD5,D4,10.7,374.5,1,18
Phyt,LVA,7,10-D,,Lynchburg (Black Water Creek park),VA,SHC,8/28/14,ddRAD3,D10,12.1,423.5,1,9
Phyt,LVA,8,10-E,,Lynchburg (Black Water Creek park),VA,SHC,8/28/14,ddRAD3,D11,14.1,493.5,1,20
Phyt,LVA,9,10-F,rudis,Lynchburg,VA,SHC,9/7/14,ddRAD3,D12,18.7,654.5,1,46
Pop genomics,LVA,10,,,Lynchburg (Black Water Creek park),VA,SHC,8/28/14,ddRAD4,D4,9.62,336.7,1,14
Phyt,LVA,11,10-C,fulva,Lynchburg,VA,,,ddRAD3,B1,,,Frozen,39
Phyt,LVA,12,10-B,rudis,Lynchburg,VA,SHC,8/30/14,ddRAD8,A10,8.32,291.2,1,42
Pop genomics,LVA,13,,rudis,Lynchburg (Black Water Creek park),VA,SHC,8/28/14,ddRAD4,B6,8.62,301.7,1,30
ANBE,MA,,,rudis,Mike's house,OH,,,ddRAD7,C6,,,Frozen,2
Phyt,MagSpr,3,01-A,carolinensis,Magnolia Springs,GA,,,ddRAD3,A4,,,Frozen,30
Phyt,MagSpr,4,01-B,rudis,,,,,ddRAD3,C11,,,EtOH,88
Pop genomics,MagSpr,6,,,,,,,ddRAD8,B2,,,EtOH,84
Phyt,MagSpr,7,01-C,carolinensis,,,,,ddRAD3,C12,,,EtOH,89
Phyt,MB,1,26-A,picea,"Molly Bog, Stowe",VT,,,ddRAD3,C7,,,Frozen,46
Phyt,MB,2,26-D,picea,"Molly Bog, Stowe",VT,,,ddRAD3,C8,,,Frozen,45
Phyt,MB,4,26-C,picea,"Molly Bog, Stowe",VT,SHC,9/7/14,ddRAD8,A11,11.2,392,1,45
Phyt,MB,6,26-E,picea,Molly Bog,VT,SHC,7/7/14,ddRAD1,A4,,,,
ANBE,Mic,1,,,Van Atta Woods,MI,Skye L,12/5/14,ddRAD5,B2,10.4,364,2,14
ANBE,Mic,2,,,Van Atta Woods,MI,Skye L,12/5/14,ddRAD5,D11,22.8,798,1,90
Phyt,MM,1,23-A,picea,Silver Lake,NH,,,ddRAD3,B10,,,EtOH,4
Phyt,MM,2,23-B,picea,Silver Lake,NH,SHC,8/30/14,ddRAD8,B10,11.6,406,1,37
Phyt,MM,4,23-C,picea,Silver Lake,NH,SHC,8/30/14,ddRAD8,B11,12.8,448,1,36
Pop genomics,MM,5,,,Silver Lake,NH,,,ddRAD9,B7,,,Frozen,66
Pop genomics,MM,6,,,Silver Lake,NH,,,ddRAD8,B6,,,Frozen,67
Lacy_field,MNC,,,,29.655667N 82.276467W,FL,,,,,,,EtOH,16
Lacy_field,NG-GSMNP,,,,35.611478N 83.421825W,TN,,,,,,,EtOH,23
Pop genomics,NOCK,1,,fulva?,Nockamixon State Park,PA,SHC,8/5/14,ddRAD2,B5,,,,
Pop genomics,NOCK,2,,fulva?,Nockamixon State Park,PA,SHC,8/5/14,ddRAD2,B11,,,,
Pop genomics,NOCK,3,,,Nockamixon State Park,PA,SHC,8/5/14,ddRAD2,A11,,,,
Pop genomics,NOCK,4,,,Nockamixon State Park,PA,SHC,8/5/14,ddRAD2,B3,,,,
Pop genomics,NOCK,5,,,Nockamixon State Park,PA,SHC,8/5/14,ddRAD2,B1,,,,
Phyt,NOCK,6,12-A,picea/ rudis (odd),Nockamixon State Park,PA,SHC,7/7/14,ddRAD1,A8,,,,
Pop genomics,NOCK,7,,,Nockamixon State Park,PA,SHC,8/5/14,ddRAD2,B9,,,,
Phyt,Nock,8,12-D,rudis / rudis (odd),Nockamixon State Park,PA,,,ddRAD3,B2,,,Frozen,40
Pop genomics,NOCK,9,,,Nockamixon State Park,PA,SHC,8/5/14,ddRAD2,B4,,,,
Pop genomics,NOCK,10,,,Nockamixon State Park,PA,SHC,8/5/14,ddRAD2,B10,,,,
Phyt,Notch,1,18-A,fulva / picea,Windsor,MA,,,ddRAD3,B7,,,EtOH,1
Phyt,Notch,2,18-D,fulva / picea,Windsor,MA,,,ddRAD3,D1,,,Frozen,82
Pop genomics,Notch,3,,,Windsor,MA,,,ddRAD6,B4,,,Frozen,83
Phyt,Notch,4,18-C,rudis / picea,Windsor,MA,SHC,8/30/14,ddRAD8,C10,12.3,430.5,1,39
Bernice,Novcoc,1,,Novomessor cockerelli,Cochise Co.,AZ,,,ddRAD6,B11,,,EtOH,61
Pop genomics,NSP,1,,,Neshamany State Park,PA,SHC,8/5/14,ddRAD2,C3,,,,
Pop genomics,NSP,2,,picea,Neshamany State Park,PA,SHC,8/6/14,ddRAD2,C12,,,,
Pop genomics,NSP,3,,rudis,Neshamany State Park,PA,SHC,8/5/14,ddRAD2,A7,,,,
Pop genomics,NSP,4,,,Neshamany State Park,PA,SHC,8/5/14,ddRAD2,A9,,,,
Pop genomics,NSP,5,,,Neshamany State Park,PA,SHC,8/6/14,ddRAD2,D1,,,,
Pop genomics,NSP,6,,,Neshamany State Park,PA,SHC,8/5/14,ddRAD2,A8,,,,
Pop genomics,NSP,7,,fulva,Neshamany State Park,PA,SHC,8/5/14,ddRAD2,A12,,,,
Pop genomics,NSP,8,,,Neshamany State Park,PA,SHC,8/5/14,ddRAD2,C2,,,,
Pop genomics,NSP,9,,,Neshamany State Park,PA,SHC,8/5/14,ddRAD2,A6,,,,
Pop genomics,NSP,10,,,Neshamany State Park,PA,SHC,8/5/14,ddRAD2,C4,,,,
Pop genomics,NSP,11,,,Neshamany State Park,PA,SHC,8/5/14,ddRAD2,A10,,,,
Pop genomics,NSP,12,,,Neshamany State Park,PA,SHC,8/6/14,ddRAD2,C9,,,,
replacement,Old-Duke,3,,,,,,,ddRAD8,A12,,,,
replacement,Old-Duke,5,,,,,,,ddRAD8,B12,,,,
replacement,Old-Kite,8,,,,,,,ddRAD8,C12,,,,
replacement,Old-Ted,3,,,,,,,ddRAD8,D12,,,,
ANBE,PB,07-23,,Pogonomyrmex barbatus,Welder Wildlife Foundation,TX,SHC,10/2/14,ddRAD4,A9,19.6,686,1,67
ANBE,Pb,17-10,,Pogo,Welder Wildlife Foundation,TX,,,ddRAD7,A2,,,Frozen,3
ANBE,PB,17-14,,Pogonomyrmex barbatus,Welder Wildlife Foundation,TX,Skye L,10/2/14,ddRAD5,C7,18.9,661.5,1,57
Lacy_field,PB,,,,35.4994N 83.9346W,TN,,,,,,,EtOH,24
ANBE,PMBE,,,,,,Skye L,12/5/14,ddRAD8,D4,16.4,574,2,15
ANBE,Pop,1,,picea,PopPop,PA,SHC,9/7/14,ddRAD4,D7,10.5,367.5,1,54
ANBE,Pop,2,,picea,PopPop,PA,Skye L,10/2/14,ddRAD4,A8,19.1,668.5,1,59
ANBE,Pop,3,,rudis,PopPop,PA,SHC,10/2/14,ddRAD4,B8,16.8,588,1,60
Pop genomics,RC,2,,fulva,Raleigh Chambers,NC,SHC,8/28/14,ddRAD5,D5,10.4,364,1,28
Pop genomics,RC,6,,rudis,Raleigh Chambers,NC,SHC,8/28/14,ddRAD5,A6,4.8,168,1,24
Pop genomics,RC,9,,rudis,Raleigh Chambers,NC,SHC,8/28/14,ddRAD4,C5,11.8,413,1,22
Pop genomics,RC,11,,rudis,Raleigh Chambers,NC,SHC,8/28/14,ddRAD4,A5,7.82,273.7,1,19
Phyt,RC,12,09-A,rudis,"Raleigh Chambers, Duke forest",NC,,,ddRAD3,A12,,,Frozen,38
Pop genomics,RC,13,,rudis,Raleigh Chambers,NC,SHC,8/28/14,ddRAD4,B5,5.89,206.15,1,21
Pop genomics,RC,14,,rudis,Raleigh Chambers,NC,SHC,8/28/14,ddRAD4,A6,8.67,303.45,1,29
Pop genomics,RC,15,,rudis,Raleigh Chambers,NC,SHC,8/28/14,ddRAD5,C5,7.49,262.15,1,27
Pop genomics,RC,16,,rudis,Raleigh Chambers,NC,SHC,8/28/14,ddRAD5,A4,9.67,338.45,1,15
Phyt,RW,1,25-C,,"Rugar Woods, SUNY Plattsburgh",NY,,,ddRAD3,B5,,,Frozen,43
Phyt,RW,3,25-A,picea,"Rugar Woods, SUNY Plattsburgh",NY,,,ddRAD3,B4,,,Frozen,42
Phyt,RW,5,25-D,picea,"Rugar Woods, Plattsburgh",NY,SHC,9/7/14,ddRAD8,C11,13.2,462,1,44
ANBE,SAL,13-14,,Messor pergandei,Salome Rd.,AZ,,,ddRAD7,B5,,,Frozen,10
Phyt,SEB,1,22-A,,Sebago Lake State Park,ME,,,ddRAD3,B3,,,Frozen,41
Pop genomics,Seb,2,,,Sebago Lake State Park,ME,,,ddRAD9,D6,,,Frozen,68
Pop genomics,Seb,3,,,Sebago Lake State Park,ME,,,ddRAD9,C2,,,Frozen,69
Pop genomics,Seb,4,,,Sebago Lake State Park,ME,,,ddRAD8,D7,,,Frozen,70
Pop genomics,Seb,5,,,Sebago Lake State Park,ME,,,ddRAD9,B6,,,Frozen,71
Pop genomics,Seb,6,,,Sebago Lake State Park,ME,,,ddRAD9,A7,,,Frozen,73
Phyt,Seb,8,22-B,picea,Sebago Lake State Park,ME,,,ddRAD3,C1,,,EtOH,7
Phyt,SEB,9,22-C,picea,Sebago Lake State Park,ME,SHC,7/7/14,ddRAD1,A5,,,,
Pop genomics,Seb,10,,,Sebago Lake State Park,ME,,,ddRAD9,C6,,,Frozen,72
Lacy_field,SFHPSP,,,,29.746689N 82.442777W,FL,,,,,,,EtOH,20
ANBE,SHC,1,,fulva,Lexington,VA,Skye L,11/13/14,ddRAD4,A12,12.5,437.5,1,91
ANBE,SHC,2,,rudis,Lexington,VA,Skye L,11/21/14,ddRAD4,C1,14.9,521.5,2,3
ANBE,SHC,3,,,Lexington,VA,Skye L,12/5/14,ddRAD4,D2,25.3,885.5,2,12
ANBE,SHC,5,,rudis,Lexington,VA,SHC,9/7/14,ddRAD5,C6,13.4,469,1,49
ANBE,SHC,6,,rudis,Lexington,VA,SHC,10/2/14,ddRAD5,B8,7.25,253.75,1,64
ANBE,SHC,7,,rudis,Lexington,VA,Skye L,10/16/14,ddRAD9,A4,6.29,220.15,1,77
ANBE,SHC,8,,rudis,Lexington,VA,SHC & Skye L,10/24/14,ddRAD5,B11,6.74,235.9,1,88
ANBE,SHC,9,,A. ??,Lexington,VA,Skye L,10/9/14,ddRAD5,B9,13.4,469,1,72
ANBE,SHC,10,,rudis,Lexington,VA,Skye L,11/21/14,ddRAD4,D1,15.6,546,2,4
Lacy_field,Site_10,3,,,34.79990N 83.74331W 898m,,,,ddRAD9,B5,,,EtOH,42
Lacy_field,Site_10,6,,,34.79990N 83.74331W 898m,,,,ddRAD6,D12,,,EtOH,44
Lacy_field,Site_10,7,,,34.79990N 83.74331W 898m,,,,ddRAD6,A8,,,EtOH,45
Lacy_field,Site_10,8,,,34.79990N 83.74331W 898m,,,,ddRAD9,D2,,,EtOH,43
Lacy_field,Site_18,1,,,34.90499N 83.41370W 1052m,,,,ddRAD6,A3,,,EtOH,29
Lacy_field,Site_18,4,,,34.90499N 83.41370W 1052m,,,,ddRAD6,B12,,,EtOH,28
Lacy_field,Site_18,6,,,34.90499N 83.41370W 1052m,,,,ddRAD9,C1,,,EtOH,27
Lacy_field,Site_18,10,,,34.90499N 83.41370W 1052m,,,,ddRAD8,B4,,,EtOH,26
Lacy_field,Site_19,4,,,34.90898N 83.41145W 927m,,,,ddRAD6,C10,,,EtOH,38
Lacy_field,Site_19,5,,,34.90898N 83.41145W 927m,,,,ddRAD7,C12,,,EtOH,39
Lacy_field,Site_19,8,,,34.90898N 83.41145W 927m,,,,ddRAD7,B10,,,EtOH,40
Lacy_field,Site_19,9,,,34.90898N 83.41145W 927m,,,,ddRAD6,B9,,,EtOH,41
Lacy_field,Site_20,1,,,34.91568N 83.41521W 821m,,,,ddRAD9,B1,,,EtOH,48
Lacy_field,Site_20,5,,,34.91568N 83.41521W 821m,,,,ddRAD6,B8,,,EtOH,49
Lacy_field,Site_20,9,,,34.91568N 83.41521W 821m,,,,ddRAD7,B11,,,EtOH,46
Lacy_field,Site_20,10,,,34.91568N 83.41521W 821m,,,,ddRAD6,D10,,,EtOH,47
Lacy_field,Site_23,1,,,"34.70572N,83.38880W 473m",,,,,,,,EtOH,33
Lacy_field,Site_23,6,,,"34.70572N,83.38880W 473m",,,,ddRAD9,A3,,,EtOH,32
Lacy_field,Site_23,9,,,"34.70572N,83.38880W 473m",,,,ddRAD8,C9,,,EtOH,31
Lacy_field,Site_23,10,,,"34.70572N,83.38880W 473m",,,,ddRAD9,B8,,,EtOH,30
Lacy_field,Site_5,2,,,34.71302N 83.91108W 702m,,,,ddRAD9,C8,,,EtOH,35
Lacy_field,Site_5,7,,,34.71302N 83.91108W 702m,,,,ddRAD7,A11,,,EtOH,37
Lacy_field,Site_5,9,,,34.71302N 83.91108W 702m,,,,ddRAD9,A2,,,EtOH,34
Lacy_field,Site_5,10,,,34.71302N 83.91108W 702m,,,,ddRAD8,A9,,,EtOH,36
Lacy_field,Site_7,3,,,34.68180N 83.89511W 503m,,,,ddRAD7,A12,,,EtOH,51
Lacy_field,Site_7,6,,,34.68180N 83.89511W 503m,,,,ddRAD7,C11,,,EtOH,50
Lacy_field,Site_7,7,,,34.68180N 83.89511W 503m,,,,ddRAD6,A11,,,EtOH,52
Lacy_field,Site_7,8,,,34.68180N 83.89511W 503m,,,,ddRAD7,C10,,,EtOH,53
Lacy_field,Site_8,3,,,34.66602N 83.87864W 513m,,,,ddRAD6,C9,,,EtOH,54
Lacy_field,Site_8,4,,,34.66602N 83.87864W 513m,,,,ddRAD7,C9,,,EtOH,57
Lacy_field,Site_8,5,,,34.66602N 83.87864W 513m,,,,ddRAD6,C12,,,EtOH,56
Lacy_field,Site_8,8,,,34.66602N 83.87864W 513m,,,,ddRAD9,B4,,,EtOH,55
Lacy_field,STFMNF,,,,33.113783N 79.864183W,SC,,,ddRAD6,D11,,,EtOH,13
ANBE,SWSR,45-1,,tennesseensis,SWSR45,FL,,,ddRAD7,B6,,,Frozen,12
ANBE,ted,3,,picea,East Woods,VT,,,ddRAD7,B7,,,Frozen,11
ANBE,ted,4,,picea,East Woods,VT,,,ddRAD7,C5,,,Frozen,23
ANBE,ted,6,,picea,East Woods,VT,Skye L,11/21/14,ddRAD5,A1,25.1,878.5,2,5
ANBE,TU,6-4,,Messor pergandei,Tucson,AZ,Skye L,10/16/14,ddRAD8,B5,6.2,217,1,79
Phyt,UNF,1,04-C,carolinensis,Troy,NC,SHC,8/30/14,ddRAD8,D9,8.74,305.9,1,40
Phyt,UNF,2,04-D,,Uwharrie National Forest,NC,SHC,8/30/14,ddRAD8,D10,10.5,367.5,1,8
Phyt,UNF,3,04-E,,Uwharrie National Forest,NC,,,ddRAD3,A3,,,Frozen,61
Pop genomics,UNF,4,,rudis,Uwharrie National Forest,NC,,,ddRAD8,C7,,,Frozen,62
Phyt,UNF,6,04-F,,Uwharrie National Forest,NC,SHC,8/28/14,ddRAD8,D11,7.5,262.5,1,11
Pop genomics,UNF,7,,miamiana,Uwharrie National Forest,NC,SHC,8/28/14,ddRAD4,C6,9.01,315.35,1,31
Phyt,UNF,8,04-A,rudis,"Uwharrie National Forest, Troy",NY,,,ddRAD3,A6,,,Frozen,32
Phyt,UNF,9,04-B,rudis,Uwharrie National Forest,NC,SHC,,ddRAD2,A1,,,,
Pop genomics,WP,1,,,William Penn,PA,SHC,8/6/14,ddRAD2,C6,,,,
Phyt,WP,3,11-C,fulva,William Penn,PA,SHC,8/6/14,ddRAD2,C7,,,,
Pop genomics,WP,4,,,William Penn,PA,SHC,8/6/14,ddRAD2,C8,,,,
Pop genomics,WP,5,,,William Penn,PA,SHC,8/6/14,ddRAD2,C5,,,,
Phyt,WP,6,11-D,rudis,William Penn,PA,SHC,7/9/14,ddRAD1,B12,,,,
Pop genomics,WP,8,,,William Penn,PA,SHC,8/6/14,ddRAD2,C11,,,,
Phyt,WP,9,11-A,rudis,William Penn,PA,SHC,7/7/14,ddRAD1,A6,,,,
Pop genomics,WP,10,,,William Penn,PA,SHC,8/6/14,ddRAD2,D3,,,,
Phyt,WP,11,11-B,rudis (odd),William Penn,PA,SHC,7/7/14,ddRAD1,A7,,,,
Pop genomics,WP,12,,,William Penn,PA,SHC,8/6/14,ddRAD2,C10,,,,
Pop genomics,WP,13,,,William Penn,PA,SHC,8/6/14,ddRAD2,D2,,,,
ANBE,Yates,1,,,Yates Mill,NC,Skye L,12/5/14,ddRAD4,C12,33.2,1162,1,93
ANBE,Yates,2,,rudis,Yates Mill,NC,,,ddRAD7,C2,,,Frozen,4
ANBE,Yates,3,,rudis,Yates Mill,NC,Skye L,10/2/14,ddRAD5,B7,14.6,511,1,56
Pop genomics,YM,1,,,Yates Mill,NC,,,ddRAD8,A7,,,Frozen,63
Pop genomics,YM,2,,,Yates Mill,NC,,,ddRAD8,A8,,,Frozen,64
Pop genomics,YM,3,,,Yates Mill,NC,,,ddRAD8,D6,,,Frozen,65
